<?xml version="1.0"?>
<Super_Formula_Generator>
	<Super_Formula_Parameters_1>
		<m1_value>96.8712</m1_value>
		<n_I-I_value>11.4674</n_I-I_value>
		<n_I-II_value>13.0154</n_I-II_value>
		<n_I-III_value>10.0485</n_I-III_value>
		<a_I_value>0.632755</a_I_value>
		<b_I_value>0.720653</b_I_value>
	</Super_Formula_Parameters_1>
	<Super_Formula_Parameters_2>
		<m2_value>6.50443</m2_value>
		<n_II-I_value>12.0036</n_II-I_value>
		<n_II-II_value>4.42095</n_II-II_value>
		<n_II-III_value>2.87512</n_II-III_value>
		<a_II_value>0.551847</a_II_value>
		<b_II_value>0.893522</b_II_value>
	</Super_Formula_Parameters_2>
	<Mesh_Parameters>
		<Mesh_Radius>306.816</Mesh_Radius>
		<Mesh_Resolution>125</Mesh_Resolution>
		<Stroke_Color>255, 255, 255, 185</Stroke_Color>
		<Show_Wireframe>1</Show_Wireframe>
		<Show_Faces>1</Show_Faces>
		<Set_Fill_Mode>1</Set_Fill_Mode>
		<Set_Solid_Fill_Color>255, 26, 0, 255</Set_Solid_Fill_Color>
		<Selected_Mesh_Mode_LINE_LOOP>
			<TRIANGLES>0</TRIANGLES>
			<TRIANGLE_FAN>0</TRIANGLE_FAN>
			<TRIANGLE_STRIP>0</TRIANGLE_STRIP>
			<LINES>0</LINES>
			<LINE_STRIP>0</LINE_STRIP>
			<LINE_LOOP>1</LINE_LOOP>
			<POINTS>0</POINTS>
		</Selected_Mesh_Mode_LINE_LOOP>
		<Mirror_Parameters>0</Mirror_Parameters>
		<Animate_Rotation>1</Animate_Rotation>
		<Animate_Color>0</Animate_Color>
		<Color_Animation_Speed>2.80748</Color_Animation_Speed>
	</Mesh_Parameters>
</Super_Formula_Generator>
