<?xml version="1.0"?>
<Super_Formula_Generator>
	<Super_Formula_Parameters_1>
		<m1_value>7.82483</m1_value>
		<n_I-I_value>14.7619</n_I-I_value>
		<n_I-II_value>14.8299</n_I-II_value>
		<n_I-III_value>15.9864</n_I-III_value>
		<a_I_value>0.94898</a_I_value>
		<b_I_value>0.748299</b_I_value>
	</Super_Formula_Parameters_1>
	<Super_Formula_Parameters_2>
		<m2_value>8.84354</m2_value>
		<n_II-I_value>13.0612</n_II-I_value>
		<n_II-II_value>18.2993</n_II-II_value>
		<n_II-III_value>14.6939</n_II-III_value>
		<a_II_value>0.561224</a_II_value>
		<b_II_value>0.789116</b_II_value>
	</Super_Formula_Parameters_2>
	<Mesh_Parameters>
		<Mesh_Radius>238.857</Mesh_Radius>
		<Mesh_Resolution>111</Mesh_Resolution>
		<Stroke_Color>255, 255, 255, 143</Stroke_Color>
		<Show_Wireframe>1</Show_Wireframe>
		<Show_Faces>1</Show_Faces>
		<Set_Fill_Mode>1</Set_Fill_Mode>
		<Set_Solid_Fill_Color>0, 0, 0, 255</Set_Solid_Fill_Color>
		<Selected_Mesh_Mode_TRIANGLES>
			<TRIANGLES>1</TRIANGLES>
			<TRIANGLE_FAN>0</TRIANGLE_FAN>
			<TRIANGLE_STRIP>0</TRIANGLE_STRIP>
			<LINES>0</LINES>
			<LINE_STRIP>0</LINE_STRIP>
			<LINE_LOOP>0</LINE_LOOP>
			<POINTS>0</POINTS>
		</Selected_Mesh_Mode_TRIANGLES>
		<Mirror_Parameters>0</Mirror_Parameters>
		<Animate_Rotation>0</Animate_Rotation>
		<Animate_Color>0</Animate_Color>
		<Color_Animation_Speed>3</Color_Animation_Speed>
	</Mesh_Parameters>
</Super_Formula_Generator>
