{
    "POST_PROCESSING_FX": {
        "0_FXAA": "1",
        "10_FILM_GRAIN": "0",
        "11_DOT_SCREEN": "0",
        "12_GLITCH_DIGITAL": "0",
        "13_GLITCH_BAD_TV": "0",
        "14_FILTER_ACES_Film": "0",
        "15_NOISE_GRAINS": "1",
        "16_Tilt_Shift": "0",
        "17_Super_Shader": "0",
        "18_GLITCH_AUTOMATED": "0",
        "19_SPACE_COLORS_SHADER": "0",
        "1_BLOOM": "0",
        "20_DITHER": "0",
        "21_Strobber": "0",
        "22_SlantShift": "0",
        "2_KALEIODOSCOPE": "0",
        "3_NOISEWRAP": "0",
        "4_PIXELATE": "0",
        "5_GOD_RAYS": "0",
        "6_LIMBDARKENING": "0",
        "7_SSAO": "0",
        "8_zoomblur": "0",
        "9_RGBShift": "0",
        "BLOOM_GROUP": {
            "Blur_X": "0.000953125",
            "Blur_Y": "0.000953125"
        },
        "DITHER_GROUP": {
            "Scale": "1"
        },
        "DOT_SCREEN_GROUP": {
            "Angle": "1.57",
            "Center": "0.5, 0.5",
            "Scale": "1",
            "Size": "1000, 1000"
        },
        "ENABLE_DEBUG_DRAW": "0",
        "FILM_GRAIN_GROUP": {
            "Count": "1096",
            "GrayScale": "0",
            "N_Intensity": "0.5",
            "S_Intensity": "0.5"
        },
        "FILTER_ACES_Film_GROUP": {
            "Exposure": "1"
        },
        "FXAA_GROUP": {
            "REDUCE_MIN_DIV": "128",
            "REDUCE_MULT_DIV": "8",
            "SPAN_MAX": "8"
        },
        "GLITCH_AUTOMATED_GROUP": {
            "Amount": "0.2",
            "Speed": "0.6"
        },
        "GLITCH_BAD_TV_GROUP": {
            "Distortion_1": "3",
            "Distortion_2": "5",
            "Roll_Speed": "0.1",
            "Speed": "3"
        },
        "GLITCH_DIGITAL_GROUP": {
            "Amount": "0.006",
            "Angle": "0.02",
            "Bypass": "0",
            "Column": "0.03",
            "Distortion_X": "0.02",
            "Distortion_Y": "0.02",
            "Seed": "0.02",
            "Seed_X": "0.02",
            "Seed_Y": "0.02"
        },
        "GOD_RAYS_GROUP": {
            "GodRays-Light": "0.3",
            "Light_Position": "0, 0, 0"
        },
        "KALEIODOSCOPE_GROUP": {
            "Segments": "2"
        },
        "NOISE_GRAINS_GROUP": {
            "Amount": "0.128",
            "Speed": "0.08"
        },
        "RGBShift_GROUP": {
            "Amount": "0.005",
            "Angle": "0"
        },
        "SPACE_COLORS_SHADER_GROUP": {
            "Opacity": "0.1",
            "Speed": "1"
        },
        "SSAO_GROUP": {
            "Ssao-AoClamp": "0.65",
            "Ssao-LumInfluence": "0.25"
        },
        "SlantShift_GROUP": {
            "Volume": "1"
        },
        "Strobber_GROUP": {
            "Phase": "0.15",
            "Volume": "1"
        },
        "Super_Shader_GROUP": {
            "Brightness": "0",
            "Contrast": "0",
            "Glow_Amount": "0.5",
            "Glow_Size": "4",
            "RGB_Shift_Amount": "0.01",
            "Saturation": "0",
            "Vignette_Darkness": "1",
            "Vignette_Offset": "1"
        },
        "Tilt_Shift_GROUP": {
            "Focus": "0.35",
            "Offset": "0.05",
            "Range": "0.5",
            "Strength": "0.5"
        },
        "zoomblur_GROUP": {
            "Density": "0.25",
            "Exposure": "0.48",
            "Weight": "0.25",
            "Zoom_Center_XY": "0.5, 0.5"
        }
    }
}