{
    "C1_TEMPLATE": {
        "Accelaration_Range": "0.94983, -0.884354, 0.238095, -0.578231",
        "Background_Clear_Rate": "10",
        "CAM_POSITION": "0, -2.04082, 6000",
        "Density": "20",
        "Fade_Out_Speed": "0.461293, 2.19252",
        "Line_Thres": "25.3061, 336.667",
        "Set_Size": "13.4694, 20",
        "Velocity_Range": "-0.619048, 0.317177, -0.37415, 0.386054",
        "lig_pos": "0, 159.184, 2200",
        "rot_speed": "0.17",
        "size": "0.96"
    },
    "group": null
}