<?xml version="1.0"?>
<AUDIO_FFT_PARAMETERS>
	<audioThreshold>1</audioThreshold>
	<audioPeakDecay>0.971875</audioPeakDecay>
	<audioMaxDecay>0.998828</audioMaxDecay>
	<audioMirror>0</audioMirror>
	<Mid_Range>0.91512, 1.1286</Mid_Range>
	<High_Range>0.567018, 2.5814</High_Range>
	<Low_Range>0.951995, 2.30056</Low_Range>
	<SCENES>
		<c3_shaderGlowLines>0</c3_shaderGlowLines>
		<c1_Template>1</c1_Template>
		<c2_Word_ParticleMesh_Animation>0</c2_Word_ParticleMesh_Animation>
		<c4_BoxSpace>0</c4_BoxSpace>
		<c5_BoxGridSpace>0</c5_BoxGridSpace>
		<c6_SpiralSphere>0</c6_SpiralSphere>
		<c7_VertexCreature>0</c7_VertexCreature>
		<c8_FlockingSperms>0</c8_FlockingSperms>
		<c9_ParticleConnection>0</c9_ParticleConnection>
		<c10_WormHole>0</c10_WormHole>
		<c11_NoisyLineAnimation>0</c11_NoisyLineAnimation>
		<c12_LinesGate>0</c12_LinesGate>
		<c13_GenerativeTerrain>0</c13_GenerativeTerrain>
		<c14_Prisms>0</c14_Prisms>
		<c15_RotationSphere>1</c15_RotationSphere>
		<c24_SVG_Animation>0</c24_SVG_Animation>
		<c25_RuttEtra_Effect>0</c25_RuttEtra_Effect>
		<c26_AbstractColorMovement>0</c26_AbstractColorMovement>
		<c27_Textured_LineStrips>0</c27_Textured_LineStrips>
		<c28_FireBall>0</c28_FireBall>
		<c29_SpaceTornado>0</c29_SpaceTornado>
		<c30_AbstractVirus>0</c30_AbstractVirus>
		<c31_CloudWormhole>0</c31_CloudWormhole>
		<c32_Catenoid>0</c32_Catenoid>
		<c33_StarField>0</c33_StarField>
		<c34_NorthernLights>0</c34_NorthernLights>
		<c35_Multiverse>0</c35_Multiverse>
		<c36_Hexagram>0</c36_Hexagram>
		<c37_Coaxial>1</c37_Coaxial>
	</SCENES>
</AUDIO_FFT_PARAMETERS>
