{
    "MAIN_PARAMETERS": {
        "AUTO_PILOT": "0",
        "AUTO_PILOT_SCENE_MIX": "0",
        "Enable_TIMELINE": "0",
        "FX_AUTO_PILOT": "0",
        "MINIMIZE_ALL": "1",
        "SAVE_IMAGE": "0",
        "SET_1:1_RATIO": "0",
        "SHOW_ONLY_FPS": "0",
        "Show_HELP": "0",
        "Show_TIMELINE": "0",
        "TIMELINE_PARAMETERS": null,
        "Timeline_Length": "30",
        "c6_Parameters": {
            "Background_Blend": "2",
            "Radius": "400"
        },
        "c8_Parameters": {
            "Connection_Max_Distance": "300",
            "Enable_Connection": "0",
            "Particle_Max_Force": "0.1",
            "Particle_Max_Speed": "3",
            "Particle_Radius": "0.8"
        },
        "c9_Parameters": {
            "Connection_Color": "255, 255, 255, 255",
            "Particle_Color": "255, 255, 255, 255",
            "Particle_Max_Distance": "10000",
            "Particle_Min_Max_Size": "3, 6",
            "Particle_Min_Max_Speed": "-4, 4"
        }
    }
}